datetime,juice,ia,latte,coco,icetea
2016-01-01,4.18237,0.49848,19.52583,7.48936,1.41033
2016-01-02,4.53495,0.58358,20.19452,7.57446,1.72644
2016-01-03,4.8389,0.82674,21.79939,9.27659,2.27355
2016-01-04,5.9696,0.80243,22.7234,11.75683,2.1155
2016-01-05,5.51975,0.65653,22.68693,11.84194,2.28571
2016-01-06,6.05471,0.53495,22.5775,11.44072,2.16413
2016-01-07,6.56534,0.75379,22.09118,12.40121,2.41945
2016-01-08,6.51671,0.63221,23.13677,11.00303,1.90881
2016-01-09,4.48632,0.64437,22.55319,8.99696,1.81155
2016-01-10,5.19148,0.66869,22.22492,9.45896,2.33434
2016-01-11,7.92705,0.77811,23.45288,11.68389,2.21276
2016-01-12,7.74468,0.72948,22.94224,12.30395,2.62613
2016-01-13,8.14589,0.85106,24.09726,12.10942,2.56534
2016-01-14,7.30699,0.76595,22.75987,12.04863,2.71124
2016-01-15,7.14893,0.79027,22.31003,10.27355,2.44376
2016-01-16,5.67781,1.08206,21.16717,8.01215,1.70212
2016-01-17,5.98176,0.74164,22.97872,11.98784,2.26139
2016-01-18,6.74772,1.04559,23.20972,13.27659,2.15197
2016-01-19,5.88449,0.88753,24.82674,17.66565,2.56534
2016-01-20,5.77507,1.00911,24.06079,15.73252,3.76899
2016-01-21,6.51671,1.05775,24.94832,14.60182,3.11246
2016-01-22,6.06686,1.10638,22.13981,12.30395,2.93009
2016-01-23,4.49848,0.88753,22.48024,11.45288,2.06686
2016-01-24,5.02127,0.86322,24.3161,17.04559,2.1155
2016-01-25,6.37082,0.9848,24.0,15.52583,2.4924
2016-01-26,38.78419,1.02127,23.69604,13.48328,2.83282
2016-01-27,14.90577,1.20364,23.73252,11.08814,2.69908
2016-01-28,9.81155,0.92401,24.693,10.54103,2.33434
2016-01-29,6.78419,0.88753,25.51975,10.74772,2.51671
2016-01-30,6.06686,0.77811,30.5775,8.99696,1.83586
2016-01-31,8.26747,1.16717,29.66565,9.26443,2.13981
2016-02-01,11.57446,0.8389,24.6079,10.23708,2.63829
2016-02-02,12.41337,1.0699,20.24316,9.87234,3.11246
2016-02-03,11.9392,1.00911,19.31914,10.13981,2.54103
2016-02-04,13.09422,0.89969,20.231,8.10942,2.32218
2016-02-05,12.34042,0.81458,19.29483,6.50455,1.9696
2016-02-06,12.3161,0.86322,19.06382,6.77203,1.8237
2016-02-07,11.59878,0.54711,16.52279,5.00911,1.54407
2016-02-08,9.10638,0.72948,20.3161,4.59574,1.17933
2016-02-09,10.33434,0.87537,23.42857,5.68996,1.68996
2016-02-10,11.22188,1.05775,22.21276,7.61094,2.41945
2016-02-11,9.81155,1.48328,20.92401,7.51367,3.12462
2016-02-12,8.10942,1.32522,23.91489,9.25227,2.67477
2016-02-13,7.67173,1.30091,22.06686,7.68389,2.44376
2016-02-14,6.66261,0.92401,22.58966,9.04559,2.50455
2016-02-15,9.33738,0.86322,20.68085,9.03343,2.96656
2016-02-16,10.55319,0.81458,20.32826,9.89665,2.61398
2016-02-17,10.97872,0.91185,21.99392,7.3313,2.5775
2016-02-18,12.36474,1.11854,21.31306,7.2462,2.88145
2016-02-19,12.65653,0.99696,19.44072,7.64741,2.96656
2016-02-20,10.73556,1.2158,19.41641,5.90881,2.41945
2016-02-21,10.78419,1.0699,21.03343,6.29787,2.78419
2016-02-22,13.32522,1.11854,20.35258,7.90273,2.80851
2016-02-23,12.54711,1.03343,22.26139,7.74468,3.1003
2016-02-24,11.58662,1.28875,29.76291,7.12462,3.39209
2016-02-25,11.35562,1.51975,26.32218,7.65957,2.97872
2016-02-26,12.34042,1.27659,21.47112,6.09118,3.11246
2016-02-27,12.79027,1.26443,20.92401,6.05471,2.79635
2016-02-28,12.30395,1.00911,21.43465,6.56534,2.89361
2016-02-29,24.27963,0.89969,20.79027,7.68389,2.94224
2016-03-01,32.63221,1.2158,20.09726,6.26139,3.23404
2016-03-02,28.68085,1.28875,18.15197,6.26139,3.6231
2016-03-03,27.27051,1.14285,16.01215,5.88449,3.41641
2016-03-04,23.64741,1.51975,15.87841,5.22796,3.12462
2016-03-05,19.48936,1.75075,19.61094,5.72644,3.46504
2016-03-06,22.52887,1.98176,20.0,5.78723,3.63525
2016-03-07,17.79939,1.68996,18.26139,5.92097,4.03647
2016-03-08,15.28267,1.28875,19.06382,5.77507,3.46504
2016-03-09,16.54711,1.11854,19.58662,6.00607,3.30699
2016-03-10,16.34042,1.55623,19.4772,5.81155,3.36778
2016-03-11,14.15197,0.9848,18.50455,8.0,3.18541
2016-03-12,14.03039,1.15501,19.87841,6.50455,2.58966
2016-03-13,13.99392,1.17933,19.9392,8.8389,2.97872
2016-03-14,13.28875,1.32522,16.97264,7.46504,3.53799
2016-03-15,30.94224,1.38601,17.5927,6.00607,3.76899
2016-03-16,20.94832,1.50759,18.65045,6.35866,4.03647
2016-03-17,19.75683,1.9696,17.78723,5.41033,3.92705
2016-03-18,20.17021,1.64133,18.18844,5.2158,3.73252
2016-03-19,19.3313,1.58054,17.49544,5.0699,3.35562
2016-03-20,18.00607,1.84802,19.7082,5.39817,3.87841
2016-03-21,16.82674,2.16413,17.75075,5.16717,4.32826
2016-03-22,14.93009,1.93313,17.86018,8.96048,4.59574
2016-03-23,14.74772,1.66565,19.42857,5.41033,4.35258
2016-03-24,15.90273,1.86018,18.80851,5.27659,4.10942
2016-03-25,16.68085,1.41033,18.69908,17.83586,3.84194
2016-03-26,13.9696,1.38601,19.57446,27.11246,3.59878
2016-03-27,15.51367,1.37386,20.38905,26.60182,3.59878
2016-03-28,15.2462,1.86018,19.69604,7.2462,5.04559
2016-03-29,18.18844,1.79939,20.17021,7.74468,5.15501
2016-03-30,18.9544,1.81155,18.40729,6.40729,5.68996
2016-03-31,18.99088,2.2006,17.16717,4.82674,5.25227
2016-04-01,16.85106,2.35866,15.90273,3.45288,5.45896
2016-04-02,19.08814,2.29787,18.28571,3.97568,5.00911
2016-04-03,18.3465,2.27355,22.73556,4.54711,5.0699
2016-04-04,21.45896,2.9544,19.58662,4.231,6.06686
2016-04-05,18.1155,2.56534,19.9392,4.63221,5.54407
2016-04-06,22.28571,2.32218,17.94528,5.14285,6.04255
2016-04-07,22.94224,2.31003,19.55015,4.59574,5.47112
2016-04-08,20.43768,2.4924,17.65349,4.49848,5.81155
2016-04-09,18.80851,2.26139,19.36778,3.61094,4.231
2016-04-10,16.07294,2.83282,19.56231,4.54711,4.91185
2016-04-11,18.39513,2.67477,18.41945,4.37689,5.38601
2016-04-12,21.86018,2.58966,19.45288,3.98784,5.25227
2016-04-13,24.14589,2.83282,20.97264,3.76899,4.32826
2016-04-14,21.65349,2.54103,19.75683,4.09726,5.67781
2016-04-15,21.8237,2.88145,20.29179,3.18541,5.90881
2016-04-16,17.95744,2.55319,21.27659,4.40121,4.6079
2016-04-17,18.4924,2.89361,21.54407,4.80243,5.88449
2016-04-18,21.58054,3.13677,20.44984,5.10638,6.73556
2016-04-19,24.62006,2.93009,20.12158,4.18237,6.46808
2016-04-20,23.23404,2.54103,19.63525,4.64437,5.70212
2016-04-21,20.20668,2.37082,20.52279,5.72644,5.50759
2016-04-22,19.78115,3.27051,17.38601,4.29179,5.30091
2016-04-23,24.37689,2.7234,18.94224,4.25531,4.48632
2016-04-24,26.27355,3.12462,19.1003,4.53495,5.90881
2016-04-25,29.58054,4.13373,16.76595,4.02431,7.12462
2016-04-26,28.71732,4.42553,17.77507,4.37689,8.48632
2016-04-27,24.49848,2.67477,20.25531,4.8389,6.85714
2016-04-28,26.43161,3.17325,18.83282,4.20668,7.19756
2016-04-29,27.59878,2.90577,16.85106,3.7082,6.21276
2016-04-30,28.88753,2.58966,16.71732,3.35562,5.7386
2016-05-01,29.95744,3.52583,17.5927,3.8541,7.16109
2016-05-02,31.44072,3.80547,16.44984,3.78115,8.6079
2016-05-03,29.24012,2.61398,20.71732,4.37689,8.26747
2016-05-04,28.92401,3.19756,18.40729,3.3313,7.07598
2016-05-05,32.06079,2.88145,15.48936,3.00303,6.44376
2016-05-06,29.13069,2.75987,19.55015,4.44984,6.55319
2016-05-07,28.93617,2.9544,17.53191,3.4772,6.40729
2016-05-08,28.8389,2.63829,18.66261,3.37993,7.46504
2016-05-09,30.62613,3.53799,16.29179,3.58662,9.41033
2016-05-10,33.86018,2.85714,19.13677,4.47416,7.44072
2016-05-11,36.97264,3.58662,17.45896,3.90273,8.30395
2016-05-12,29.16717,3.82978,17.11854,3.63525,8.53495
2016-05-13,23.31914,3.01519,16.15805,3.29483,7.23404
2016-05-14,24.91185,2.38297,16.51063,3.39209,7.06382
2016-05-15,22.52887,2.79635,19.2462,3.4772,7.82978
2016-05-16,24.6079,2.89361,16.59574,10.26139,8.231
2016-05-17,29.00911,4.42553,18.27355,3.30699,8.68085
2016-05-18,28.66869,5.49544,16.462,4.93617,10.90577
2016-05-19,34.51671,5.48328,15.76899,3.79331,12.76595
2016-05-20,30.37082,6.13981,15.79331,2.88145,12.07294
2016-05-21,29.51975,4.49848,16.19452,3.16109,9.64133
2016-05-22,30.68693,4.94832,15.01519,3.03951,11.2462
2016-05-23,29.56838,5.72644,17.92097,3.52583,13.83586
2016-05-24,24.29179,2.83282,19.68389,4.15805,10.39513
2016-05-25,35.56231,4.09726,18.4924,3.61094,11.3313
2016-05-26,41.02127,3.8541,17.70212,3.79331,10.75987
2016-05-27,45.39817,3.59878,16.32826,4.01215,9.75075
2016-05-28,34.51671,3.08814,15.36778,3.80547,7.96352
2016-05-29,37.09422,9.2158,17.26443,3.8541,8.32826
2016-05-30,33.30091,4.93617,16.0851,3.8541,11.13677
2016-05-31,30.32218,6.78419,17.95744,5.0699,11.45288
2016-06-01,28.48632,5.27659,16.13373,3.95136,12.25531
2016-06-02,30.39513,5.22796,16.8389,3.7082,10.79635
2016-06-03,28.77811,4.21884,17.19148,3.45288,10.03039
2016-06-04,27.02735,3.19756,17.13069,4.43768,7.46504
2016-06-05,28.32826,3.61094,16.9848,3.50151,7.23404
2016-06-06,30.69908,3.29483,20.58358,4.41337,9.05775
2016-06-07,31.65957,3.35562,17.67781,3.67173,10.56534
2016-06-08,34.74772,4.48632,17.76291,3.42857,10.91793
2016-06-09,42.39513,5.03343,17.68996,3.67173,11.01519
2016-06-10,37.17933,4.15805,17.10638,2.88145,9.04559
2016-06-11,33.13069,3.75683,17.87234,3.02735,8.462
2016-06-12,32.30395,3.86626,18.7234,3.63525,8.54711
2016-06-13,34.00607,4.55927,20.30395,3.28267,11.25835
2016-06-14,31.65957,4.86322,18.22492,3.51367,10.88145
2016-06-15,26.38297,3.25835,19.35562,3.63525,9.02127
2016-06-16,26.45592,3.22188,17.00911,3.41641,8.80243
2016-06-17,29.5927,3.78115,15.97568,2.82066,8.59574
2016-06-18,37.20364,3.3313,15.84194,3.22188,8.81458
2016-06-19,32.19452,3.36778,16.06079,3.6231,9.30091
2016-06-20,34.73556,3.68389,15.69604,3.08814,10.88145
2016-06-21,31.45288,3.82978,16.26747,3.17325,10.77203
2016-06-22,27.00303,3.74468,18.5775,3.80547,10.33434
2016-06-23,29.48328,4.57142,17.17933,3.67173,10.77203
2016-06-24,23.57446,2.90577,17.72644,3.18541,8.66869
2016-06-25,23.98784,2.71124,17.10638,3.14893,7.02735
2016-06-26,27.73252,3.36778,18.33434,3.25835,7.98784
2016-06-27,26.09118,3.36778,17.30091,3.11246,9.17933
2016-06-28,27.11246,3.72036,17.8237,3.56231,9.30091
2016-06-29,27.07598,4.13373,16.0851,3.37993,9.32522
2016-06-30,29.77507,3.58662,16.88753,3.13677,9.5927
2016-07-01,20.10942,2.45592,17.04559,3.59878,7.48936
2016-07-02,23.91489,2.69908,17.43465,2.99088,6.60182
2016-07-03,24.0,2.97872,17.13069,3.17325,6.68693
2016-07-04,21.05775,2.80851,16.68085,3.57446,8.06079
2016-07-05,20.93617,2.62613,18.38297,3.78115,8.07294
2016-07-06,23.34346,3.56231,17.70212,3.41641,9.79939
2016-07-07,24.66869,3.81762,16.44984,3.00303,9.66565
2016-07-08,25.22796,4.38905,15.18541,2.85714,9.39817
2016-07-09,26.3465,3.81762,15.12462,2.46808,9.09422
2016-07-10,31.17325,4.12158,15.19756,3.18541,8.94832
2016-07-11,29.10638,4.65653,15.8541,3.34346,11.31914
2016-07-12,27.36778,4.25531,16.35258,2.97872,11.01519
2016-07-13,27.6231,4.30395,15.67173,3.05167,11.6231
2016-07-14,27.40425,4.80243,15.50151,3.22188,10.85714
2016-07-15,24.6079,3.64741,15.08814,2.43161,9.10638
2016-07-16,19.59878,2.13981,17.90881,3.20972,6.60182
2016-07-17,20.40121,2.55319,15.68389,3.07598,6.83282
2016-07-18,23.1003,3.65957,15.28267,3.45288,8.79027
2016-07-19,27.76899,3.64741,17.32522,3.4772,9.3617
2016-07-20,28.68085,4.47416,16.24316,3.31914,9.13069
2016-07-21,26.75987,4.12158,16.96048,3.12462,9.54407
2016-07-22,23.52583,3.95136,16.29179,2.94224,8.57142
2016-07-23,23.46504,3.63525,15.07598,2.35866,6.99088
2016-07-24,22.48024,3.6231,15.11246,2.63829,7.36778
2016-07-25,23.36778,3.92705,15.64741,3.35562,9.08206
2016-07-26,23.36778,3.91489,15.61094,3.30699,11.17325
2016-07-27,20.44984,3.57446,15.74468,3.36778,9.17933
2016-07-28,21.17933,3.89057,16.09726,3.7082,9.61702
2016-07-29,18.44376,3.2462,15.06382,2.85714,7.6231
2016-07-30,18.55319,2.88145,14.35866,2.17629,6.99088
2016-07-31,19.40425,3.22188,14.55319,2.80851,8.03647
2016-08-01,19.51367,3.74468,15.72036,2.67477,8.6079
2016-08-02,19.3313,3.41641,16.87537,3.35562,8.59574
2016-08-03,21.4468,3.6231,18.29787,3.46504,8.35258
2016-08-04,29.28875,3.74468,17.70212,3.16109,9.8237
2016-08-05,32.0,4.07294,16.25531,2.97872,8.57142
2016-08-06,28.82674,3.3313,15.30699,2.78419,8.12158
2016-08-07,20.58358,4.21884,16.21884,2.82066,8.59574
2016-08-08,24.15805,4.38905,16.15805,2.82066,10.13981
2016-08-09,23.19756,4.26747,17.45896,3.29483,10.99088
2016-08-10,22.61398,4.09726,17.03343,3.13677,10.97872
2016-08-11,21.84802,4.35258,16.82674,3.20972,10.82066
2016-08-12,20.37689,4.01215,16.29179,2.63829,9.03343
2016-08-13,18.71124,3.56231,15.73252,2.50455,7.98784
2016-08-14,18.67477,3.40425,16.02431,2.91793,6.62613
2016-08-15,18.23708,3.9392,16.89969,3.11246,8.38905
2016-08-16,19.74468,3.65957,17.32522,3.2462,9.10638
2016-08-17,20.10942,3.63525,17.89665,3.19756,10.1155
2016-08-18,18.06686,3.87841,16.59574,3.80547,8.65653
2016-08-19,17.62917,3.36778,17.38601,3.40425,8.15805
2016-08-20,16.72948,2.60182,16.9848,3.34346,6.66261
2016-08-21,20.96048,2.84498,18.12765,3.11246,7.35562
2016-08-22,25.16717,3.39209,16.66869,3.90273,9.04559
2016-08-23,21.64133,3.03951,17.37386,3.6231,9.14285
2016-08-24,19.23404,3.12462,17.15501,3.29483,9.56838
2016-08-25,17.25227,2.82066,16.97264,4.70516,8.51063
2016-08-26,14.21276,1.88449,17.16717,4.40121,6.35866
2016-08-27,15.76899,1.70212,18.1155,3.72036,5.16717
2016-08-28,12.93617,1.77507,19.56231,5.0699,5.33738
2016-08-29,44.29179,1.72644,16.91185,5.86018,5.4468
2016-08-30,18.60182,1.77507,19.08814,5.86018,5.24012
2016-08-31,12.65653,1.72644,22.35866,6.71124,4.62006
2016-09-01,14.51671,1.90881,18.2006,5.7386,5.33738
2016-09-02,13.20364,1.84802,20.04863,5.27659,4.70516
2016-09-03,15.27051,1.78723,17.98176,4.462,4.35258
2016-09-04,13.8237,2.00607,20.07294,4.97264,6.46808
2016-09-05,17.93313,1.94528,17.67781,5.99392,7.28267
2016-09-06,33.04559,1.70212,19.08814,4.96048,6.61398
2016-09-07,15.25835,1.88449,19.51367,4.87537,5.77507
2016-09-08,14.61398,1.77507,18.40729,4.9848,5.2158
2016-09-09,14.94224,1.83586,16.86322,4.0851,4.70516
2016-09-10,11.9392,1.54407,16.47416,4.20668,4.76595
2016-09-11,12.25531,2.01823,18.26139,5.42249,4.12158
2016-09-12,11.13677,1.26443,16.32826,4.0851,3.41641
2016-09-13,12.8389,1.72644,15.03951,3.06382,2.84498
2016-09-14,10.68693,1.42249,13.78723,2.4924,2.51671
2016-09-15,8.81458,1.15501,14.79635,2.7234,2.43161
2016-09-16,10.06686,1.33738,18.1155,3.89057,2.99088
2016-09-17,10.06686,1.56838,21.33738,5.67781,3.68389
2016-09-18,9.5927,1.62917,20.72948,5.38601,4.65653
2016-09-19,10.66261,1.72644,18.52887,5.38601,5.16717
2016-09-20,11.25835,1.71428,20.03647,6.58966,5.27659
2016-09-21,11.44072,1.95744,19.42857,6.75987,4.91185
2016-09-22,11.67173,1.4468,20.15805,5.60486,4.99696
2016-09-23,12.21884,1.28875,18.06686,5.65349,4.6079
2016-09-24,11.67173,1.41033,18.58966,4.65653,3.68389
2016-09-25,11.7082,1.42249,19.74468,6.09118,3.8541
2016-09-26,11.34346,1.66565,19.22188,6.84498,4.68085
2016-09-27,12.88753,1.4468,22.06686,6.38297,4.93617
2016-09-28,10.93009,1.53191,20.15805,6.4924,4.35258
2016-09-29,10.3465,1.20364,20.93617,6.58966,4.21884
2016-09-30,10.31003,1.22796,20.82674,5.45896,3.74468
2016-10-01,8.231,0.96048,20.29179,5.37386,2.61398
2016-10-02,8.81458,1.13069,21.66565,6.26139,3.3313
2016-10-03,9.61702,1.75075,20.79027,5.42249,3.91489
2016-10-04,10.28571,1.62917,20.14589,6.15197,4.36474
2016-10-05,11.92705,1.48328,19.07598,6.83282,3.90273
2016-10-06,15.73252,1.60486,21.04559,6.71124,4.35258
2016-10-07,8.18237,1.27659,20.58358,6.74772,3.68389
2016-10-08,7.96352,0.94832,21.61702,6.61398,3.14893
2016-10-09,7.11246,0.9848,24.18237,9.08206,3.20972
2016-10-10,8.41337,0.92401,22.50455,12.27963,3.36778
2016-10-11,8.42553,0.94832,22.75987,10.10334,3.07598
2016-10-12,8.09726,1.04559,23.76899,10.21276,3.59878
2016-10-13,7.41641,1.13069,23.91489,11.39209,3.2462
2016-10-14,8.89969,1.39817,21.5927,8.25531,3.58662
2016-10-15,7.7082,1.0699,21.2158,6.55319,3.22188
2016-10-16,8.01215,0.99696,25.02127,10.74772,3.44072
2016-10-17,8.72948,1.41033,20.99696,9.32522,4.18237
2016-10-18,7.61094,1.24012,21.87234,8.97264,3.82978
2016-10-19,7.42857,1.47112,22.54103,9.43465,4.19452
2016-10-20,7.16109,1.25227,21.90881,8.93617,4.38905
2016-10-21,6.03039,1.15501,21.03343,8.52279,3.31914
2016-10-22,7.7082,0.94832,19.34346,6.84498,2.91793
2016-10-23,6.68693,1.02127,24.32826,10.73556,3.14893
2016-10-24,7.45288,1.19148,20.41337,10.58966,3.89057
2016-10-25,7.76899,1.08206,22.68693,12.20668,3.67173
2016-10-26,9.64133,0.93617,21.84802,10.4924,2.88145
2016-10-27,10.62613,0.92401,21.86018,10.54103,3.79331
2016-10-28,9.2158,0.8389,20.41337,9.87234,3.14893
2016-10-29,6.12765,0.64437,18.54103,9.76291,2.75987
2016-10-30,6.27355,0.80243,21.32522,12.52279,2.23708
2016-10-31,5.56838,0.94832,21.67781,17.55623,3.05167
2016-11-01,5.31306,0.64437,23.59878,20.01215,2.41945
2016-11-02,5.48328,0.82674,24.01215,19.25835,2.89361
2016-11-03,5.38601,0.62006,22.96656,16.97264,2.93009
2016-11-04,6.4924,0.65653,20.91185,13.17933,2.55319
2016-11-05,7.58662,0.693,19.86626,10.60182,2.12765
2016-11-06,9.41033,0.88753,21.61702,12.42553,2.52887
2016-11-07,9.39817,0.81458,20.19452,16.52279,3.58662
2016-11-08,7.23404,0.77811,22.54103,18.99088,2.7234
2016-11-09,7.14893,0.89969,25.60486,18.60182,2.50455
2016-11-10,6.61398,0.82674,23.28267,17.48328,2.71124
2016-11-11,6.93009,0.64437,19.19756,12.231,2.56534
2016-11-12,7.30699,0.64437,18.56534,9.38601,2.1155
2016-11-13,7.87841,0.9848,19.59878,12.20668,2.45592
2016-11-14,8.04863,1.16717,22.41945,15.57446,3.3313
2016-11-15,7.28267,0.6079,22.71124,16.01215,3.20972
2016-11-16,7.52583,0.89969,24.44984,16.07294,3.19756
2016-11-17,7.76899,0.80243,22.65045,13.3617,3.06382
2016-11-18,6.7234,0.87537,22.44376,13.38601,2.69908
2016-11-19,7.08814,0.85106,19.20972,11.52583,2.35866
2016-11-20,12.09726,0.94832,21.94528,12.12158,2.41945
2016-11-21,16.92401,0.86322,22.80851,14.82066,2.90577
2016-11-22,10.80851,0.8389,23.96352,17.71428,2.68693
2016-11-23,9.4468,0.80243,23.37993,18.2006,2.29787
2016-11-24,8.34042,0.94832,23.19756,18.67477,2.68693
2016-11-25,6.5775,0.8389,21.53191,14.99088,2.07902
2016-11-26,5.99392,0.70516,23.87841,17.05775,2.54103
2016-11-27,7.3313,0.92401,23.20972,16.36474,2.22492
2016-11-28,7.18541,1.02127,21.88449,17.92097,2.55319
2016-11-29,7.56231,0.93617,23.68389,18.90577,2.77203
2016-11-30,6.78419,1.0699,22.61398,17.24012,2.65045
2016-12-01,5.89665,0.79027,22.61398,16.01215,2.22492
2016-12-02,6.31003,0.72948,22.17629,14.91793,2.48024
2016-12-03,7.40425,0.79027,23.30699,12.48632,2.05471
2016-12-04,7.37993,1.00911,24.3161,15.40425,2.85714
2016-12-05,7.79331,0.96048,22.80851,17.15501,2.83282
2016-12-06,10.32218,1.00911,24.17021,17.43465,2.5775
2016-12-07,7.41641,1.03343,23.17325,17.10638,2.71124
2016-12-08,6.78419,1.10638,23.84194,17.65349,2.85714
2016-12-09,6.50455,0.86322,22.29787,15.30699,2.89361
2016-12-10,6.9544,0.91185,23.98784,13.67781,2.27355
2016-12-11,6.56534,1.08206,24.693,14.48024,2.50455
2016-12-12,6.85714,0.94832,22.22492,16.26747,2.91793
2016-12-13,6.27355,0.89969,23.35562,15.68389,3.01519
2016-12-14,6.13981,0.62006,24.25531,17.00911,3.2462
2016-12-15,6.31003,0.66869,22.91793,17.77507,2.50455
2016-12-16,5.42249,0.71732,25.10638,16.71732,2.7234
2016-12-17,5.56838,0.6079,23.08814,12.18237,1.90881
2016-12-18,6.62613,0.63221,22.77203,15.64741,2.37082
2016-12-19,6.33434,0.94832,21.86018,15.61094,2.93009
2016-12-20,6.35866,0.72948,21.15501,13.7386,3.05167
2016-12-21,5.90881,1.04559,20.64437,13.51975,3.02735
2016-12-22,5.49544,0.70516,20.80243,14.29787,2.68693
2016-12-23,4.79027,0.79027,20.27963,12.21884,2.05471
2016-12-24,5.54407,0.6079,18.68693,9.88449,2.21276
2016-12-25,5.39817,0.55927,19.42857,12.30395,2.26139
2016-12-26,6.33434,0.8389,19.28267,14.38297,2.8693
2016-12-27,5.24012,0.8389,21.13069,14.69908,2.29787
2016-12-28,5.90881,0.79027,22.99088,16.14589,2.60182
2016-12-29,6.79635,0.74164,20.231,17.66565,2.84498
2016-12-30,6.50455,0.8389,20.97264,13.8237,2.55319
2016-12-31,6.66261,0.76595,18.32218,9.99392,2.13981
2017-01-01,5.26443,0.59574,18.84498,9.79939,2.38297
2017-01-02,6.9544,0.9848,21.0699,12.15805,3.27051
2017-01-03,7.8541,1.13069,21.98176,12.86322,3.51367
2017-01-04,8.36474,1.14285,22.79635,11.86626,3.35562
2017-01-05,6.9544,1.05775,22.35866,11.90273,3.20972
2017-01-06,10.88145,0.91185,22.05471,10.94224,2.9544
2017-01-07,6.10334,1.00911,19.64741,9.00911,2.9544
2017-01-08,6.80851,1.30091,21.81155,11.27051,2.85714
2017-01-09,8.86322,1.15501,22.63829,13.02127,3.61094
2017-01-10,7.14893,1.04559,22.80851,14.12765,3.36778
2017-01-11,7.29483,1.10638,24.21884,13.76291,3.14893
2017-01-12,6.71124,1.08206,23.58662,12.82674,3.17325
2017-01-13,6.32218,0.80243,21.94528,12.88753,2.77203
2017-01-14,5.77507,0.58358,22.8693,9.93313,2.21276
2017-01-15,6.85714,0.64437,24.25531,13.02127,2.85714
2017-01-16,7.13677,0.93617,22.4924,13.94528,3.2462
2017-01-17,6.3465,1.04559,22.89361,12.51063,3.20972
2017-01-18,9.55623,1.0699,23.8541,12.66869,4.03647
2017-01-19,7.03951,1.27659,21.98176,11.96352,3.61094
2017-01-20,6.01823,0.87537,22.04255,11.11246,3.19756
2017-01-21,5.68996,1.03343,20.71732,10.44376,1.92097
2017-01-22,5.78723,0.96048,21.15501,10.90577,2.58966
2017-01-23,5.86018,0.71732,21.27659,13.16717,2.90577
2017-01-24,5.93313,0.99696,21.09422,10.8693,2.9544
2017-01-25,6.48024,0.9848,20.38905,10.05471,2.38297
2017-01-26,6.01823,0.693,17.94528,7.58662,2.10334
2017-01-27,4.53495,0.68085,16.70516,5.77507,1.51975
2017-01-28,4.13373,0.70516,15.63525,5.08206,1.20364
2017-01-29,4.81458,0.85106,18.78419,7.31914,1.94528
2017-01-30,5.93313,1.32522,21.25227,8.26747,2.41945
2017-01-31,7.68389,0.92401,22.15197,9.8237,3.30699
2017-02-01,6.1155,1.27659,21.78723,9.88449,2.71124
2017-02-02,6.89361,0.9848,21.79939,9.38601,3.53799
2017-02-03,6.27355,0.91185,22.15197,7.80547,3.1003
2017-02-04,5.86018,1.05775,21.04559,6.97872,2.56534
2017-02-05,7.00303,1.14285,22.55319,8.64437,3.18541
2017-02-06,11.84194,1.22796,20.88753,9.3617,3.34346
2017-02-07,7.39209,1.39817,20.89969,10.00607,3.61094
2017-02-08,5.68996,1.05775,22.48024,9.77507,3.29483
2017-02-09,6.32218,1.39817,21.78723,10.2006,3.55015
2017-02-10,5.70212,1.04559,20.86322,10.03039,2.78419
2017-02-11,6.60182,1.08206,19.4772,8.8389,2.65045
2017-02-12,7.50151,1.09422,22.74772,8.20668,3.12462
2017-02-13,6.85714,1.26443,23.72036,10.48024,3.8541
2017-02-14,6.77203,1.02127,23.16109,10.83282,3.73252
2017-02-15,7.29483,1.14285,22.39513,8.0,3.80547
2017-02-16,6.79635,1.4468,22.5775,7.84194,3.75683
2017-02-17,6.56534,1.02127,23.41641,7.00303,3.4772
2017-02-18,6.69908,1.04559,22.27355,6.93009,2.97872
2017-02-19,6.48024,1.25227,22.16413,7.25835,3.17325
2017-02-20,6.80851,1.05775,23.16109,7.86626,3.87841
2017-02-21,6.97872,1.28875,22.69908,7.76899,3.98784
2017-02-22,6.31003,1.39817,23.55015,8.52279,4.01215
2017-02-23,6.78419,1.14285,22.12765,8.36474,4.03647
2017-02-24,6.48024,1.15501,22.79635,7.23404,4.14589
2017-02-25,6.13981,1.08206,19.76899,5.88449,3.68389
2017-02-26,7.44072,1.42249,21.70212,6.44376,3.41641
2017-02-27,7.75683,1.19148,22.46808,6.48024,4.0
2017-02-28,8.09726,1.62917,19.52583,6.23708,4.63221
2017-03-01,6.4924,1.41033,21.53191,6.58966,4.12158
2017-03-02,6.04255,1.26443,18.51671,6.22492,4.09726
2017-03-03,5.62917,1.43465,18.23708,5.27659,4.09726
2017-03-04,6.8693,1.60486,19.76899,5.38601,3.9392
2017-03-05,7.68389,1.61702,21.98176,5.30091,4.58358
2017-03-06,9.60486,1.20364,19.16109,6.31003,4.42553
2017-03-07,6.54103,1.31306,21.04559,7.07598,4.462
2017-03-08,5.83586,1.13069,21.49544,7.00303,4.68085
2017-03-09,7.01519,1.49544,21.14285,6.54103,4.231
2017-03-10,6.58966,1.53191,17.20364,5.0699,4.26747
2017-03-11,6.97872,1.33738,19.16109,5.38601,3.65957
2017-03-12,7.1003,1.42249,21.20364,5.81155,4.92401
2017-03-13,7.14893,1.86018,20.17021,5.28875,5.55623
2017-03-14,6.61398,1.64133,20.27963,6.07902,4.92401
2017-03-15,6.38297,1.94528,19.52583,5.83586,4.96048
2017-03-16,6.63829,1.78723,19.25835,5.32522,5.09422
2017-03-17,8.09726,1.64133,19.07598,4.74164,4.3161
2017-03-18,8.462,1.56838,19.4772,4.0851,3.72036
2017-03-19,8.21884,1.66565,22.12765,4.27963,4.87537
2017-03-20,9.31306,1.78723,20.88753,4.88753,5.39817
2017-03-21,8.65653,2.05471,21.89665,5.66565,4.8389
2017-03-22,6.85714,1.76291,21.16717,4.693,5.16717
2017-03-23,10.37082,1.71428,20.75379,4.97264,5.50759
2017-03-24,8.52279,1.66565,18.54103,4.66869,4.77811
2017-03-25,7.86626,1.62917,20.49848,4.91185,4.09726
2017-03-26,7.76899,1.60486,21.70212,5.20364,4.21884
2017-03-27,6.61398,1.54407,19.89057,5.14285,4.8389
2017-03-28,8.26747,1.8237,20.62006,5.67781,4.74164
2017-03-29,7.97568,2.09118,20.52279,5.7386,5.28875
2017-03-30,7.48936,2.23708,19.29483,4.70516,5.3617
2017-03-31,7.50151,1.67781,20.19452,4.87537,4.44984
2017-04-01,7.76899,1.49544,20.09726,4.81458,3.63525
2017-04-02,7.97568,2.06686,20.30395,4.63221,5.32522
2017-04-03,7.87841,2.28571,19.00303,5.2158,5.66565
2017-04-04,8.51063,2.41945,19.9392,4.72948,7.56231
2017-04-05,8.10942,1.92097,21.00911,4.92401,6.29787
2017-04-06,10.66261,2.1155,21.15501,5.5927,5.14285
2017-04-07,9.33738,2.46808,18.7234,4.25531,5.72644
2017-04-08,9.65349,2.15197,17.62917,4.17021,4.93617
2017-04-09,8.64437,2.39513,21.08206,4.27963,5.84802
2017-04-10,8.80243,2.69908,18.5775,4.693,7.57446
2017-04-11,9.48328,2.62613,21.17933,5.49544,7.81762
2017-04-12,9.4468,2.69908,21.72644,4.64437,7.12462
2017-04-13,8.58358,2.65045,20.8389,3.8541,7.03951
2017-04-14,7.67173,2.63829,21.77507,4.77811,5.99392
2017-04-15,8.92401,3.37993,20.40121,3.6231,5.28875
2017-04-16,10.5775,3.03951,21.89665,4.693,7.27051
2017-04-17,8.41337,2.66261,22.66261,5.2158,7.05167
2017-04-18,8.41337,3.02735,21.27659,4.9848,7.65957
2017-04-19,9.45896,2.91793,21.70212,4.37689,7.87841
2017-04-20,8.8389,2.43161,22.41945,4.58358,6.7234
2017-04-21,10.74772,2.69908,19.61094,3.79331,6.32218
2017-04-22,11.39209,2.3465,20.10942,3.20972,5.92097
2017-04-23,12.71732,2.75987,20.18237,3.82978,6.03039
2017-04-24,12.32826,2.77203,19.02735,4.10942,7.6231
2017-04-25,15.64741,2.71124,19.29483,3.69604,8.44984
2017-04-26,12.20668,2.91793,19.2462,4.38905,8.231
2017-04-27,11.20972,3.13677,21.60486,3.45288,7.13677
2017-04-28,13.10638,2.78419,20.0851,3.4772,6.90577
2017-04-29,16.06079,2.69908,18.73556,3.36778,6.73556
2017-04-30,16.87537,3.11246,18.77203,3.22188,8.29179
2017-05-01,14.35866,2.88145,17.56838,3.16109,9.62917
2017-05-02,13.00911,3.48936,17.47112,3.23404,8.89969
2017-05-03,14.65045,3.44072,17.41033,2.54103,8.58358
2017-05-04,13.09422,3.52583,16.62006,3.12462,8.6079
2017-05-05,14.99088,2.69908,16.09726,2.45592,7.37993
2017-05-06,16.06079,2.66261,17.11854,3.14893,7.3313
2017-05-07,15.08814,2.69908,16.51063,3.08814,8.68085
2017-05-08,14.07902,2.79635,16.91185,3.17325,9.3617
2017-05-09,15.28267,2.51671,18.38297,3.80547,8.26747
2017-05-10,12.9848,2.33434,15.46504,3.51367,10.45592
2017-05-11,14.1155,2.77203,17.37386,3.46504,10.79635
2017-05-12,16.21884,2.29787,17.09422,3.51367,8.10942
2017-05-13,15.97568,2.55319,17.25227,3.08814,7.11246
2017-05-14,20.12158,2.94224,18.82066,3.36778,8.09726
2017-05-15,15.8541,3.25835,18.94224,3.72036,9.55623
2017-05-16,18.91793,3.20972,18.84498,4.35258,10.44376
2017-05-17,18.01823,3.53799,19.11246,3.72036,12.02431
2017-05-18,18.84498,4.19452,18.03039,3.11246,12.15805
2017-05-19,20.38905,4.35258,17.3617,2.91793,11.36778
2017-05-20,19.96352,3.56231,16.72948,2.71124,8.54711
2017-05-21,26.41945,3.45288,18.94224,3.35562,9.64133
2017-05-22,23.52583,4.43768,18.3465,3.58662,13.16717
2017-05-23,21.14285,3.90273,18.9544,3.78115,10.37082
2017-05-24,21.56838,3.98784,18.65045,3.96352,12.70516
2017-05-25,23.06382,3.67173,17.72644,3.95136,12.32826
2017-05-26,22.12765,3.30699,18.21276,3.22188,10.41945
2017-05-27,25.94528,3.2462,18.45592,2.9544,9.04559
2017-05-28,26.22492,3.25835,19.79331,3.45288,9.67781
2017-05-29,24.30395,4.9848,18.62613,3.13677,14.63829
2017-05-30,24.81458,5.00911,18.46808,3.40425,15.53799
2017-05-31,23.57446,4.01215,19.25835,3.55015,14.96656
2017-06-01,22.54103,4.24316,18.04255,3.35562,14.32218
2017-06-02,23.76899,3.72036,16.82674,3.23404,12.13373
2017-06-03,23.72036,3.2462,17.14285,2.90577,9.68996
2017-06-04,27.48936,3.34346,17.50759,3.03951,11.1003
2017-06-05,24.18237,4.17021,18.62613,2.91793,12.75379
2017-06-06,25.14285,2.83282,21.04559,3.58662,10.28571
2017-06-07,19.73252,2.69908,19.79331,4.06079,11.51367
2017-06-08,23.55015,3.51367,17.77507,3.27051,12.94832
2017-06-09,23.31914,3.20972,16.85106,3.16109,11.81762
2017-06-10,23.75683,2.94224,18.28571,3.31914,10.22492
2017-06-11,29.99392,3.20972,20.44984,3.36778,12.04863
2017-06-12,25.75075,3.53799,19.75683,4.03647,13.65349
2017-06-13,25.41033,3.58662,19.53799,3.45288,13.41033
2017-06-14,29.47112,3.84194,18.93009,3.30699,14.69908
2017-06-15,26.4924,4.3161,19.98784,3.29483,14.79635
2017-06-16,24.07294,4.3161,17.99392,3.11246,13.90881
2017-06-17,27.03951,3.79331,18.58966,3.07598,10.80851
2017-06-18,36.07294,4.231,19.07598,3.22188,12.52279
2017-06-19,31.48936,4.57142,16.82674,3.06382,16.43768
2017-06-20,28.0851,4.21884,18.60182,3.81762,15.2462
2017-06-21,27.44072,4.72948,17.95744,3.30699,15.59878
2017-06-22,29.02127,4.43768,16.85106,3.30699,15.57446
2017-06-23,27.37993,4.49848,16.32826,2.62613,13.72644
2017-06-24,25.39817,3.3313,16.86322,2.40729,11.06382
2017-06-25,32.44984,3.20972,17.27659,2.8693,12.01215
2017-06-26,45.50759,3.67173,15.19756,3.42857,13.7386
2017-06-27,34.66261,3.87841,16.64437,3.14893,14.45592
2017-06-28,35.67173,4.02431,16.06079,3.14893,14.58966
2017-06-29,29.64133,3.87841,17.13069,3.12462,13.70212
2017-06-30,39.23404,3.95136,16.10942,2.96656,10.90577
2017-07-01,35.29483,3.53799,17.5927,6.69908,9.22796
2017-07-02,45.42249,3.82978,18.52887,4.14589,10.05471
2017-07-03,34.83282,3.95136,17.00911,4.32826,12.58358
2017-07-04,39.97568,4.19452,17.24012,3.46504,14.10334
2017-07-05,39.35562,4.26747,16.75379,3.55015,13.47112
2017-07-06,41.58054,4.41337,16.34042,3.28267,14.54103
2017-07-07,30.2006,3.17325,15.80547,2.73556,10.39513
2017-07-08,32.82674,2.89361,15.95136,2.9544,9.87234
2017-07-09,46.13981,3.37993,16.34042,2.97872,11.16109
2017-07-10,32.58358,3.18541,16.32826,3.17325,11.40425
2017-07-11,33.67781,5.41033,16.68085,3.36778,13.00911
2017-07-12,37.17933,5.2158,16.3161,3.27051,12.8389
2017-07-13,36.34042,5.25227,15.90273,3.35562,13.47112
2017-07-14,28.49848,5.00911,16.42553,2.56534,12.07294
2017-07-15,27.2462,2.94224,15.95136,3.01519,9.05775
2017-07-16,33.95744,4.462,16.53495,3.19756,9.8237
2017-07-17,27.80547,4.99696,16.65653,2.99088,13.14285
2017-07-18,26.41945,4.64437,16.57142,3.1003,12.15805
2017-07-19,28.30395,4.97264,18.23708,3.07598,13.41033
2017-07-20,28.40121,5.5927,17.58054,3.27051,13.45896
2017-07-21,27.7082,5.16717,17.0699,2.62613,13.94528
2017-07-22,28.57142,4.65653,16.09726,2.73556,11.03951
2017-07-23,29.65349,3.75683,18.22492,3.08814,10.88145
2017-07-24,23.34346,4.15805,18.17629,3.00303,11.63525
2017-07-25,100.0,5.03343,19.61094,3.17325,12.14589
2017-07-26,50.99088,4.48632,18.03039,3.7082,11.78115
2017-07-27,27.57446,3.75683,16.35258,2.93009,10.73556
2017-07-28,23.92705,3.55015,17.28875,3.50151,9.79939
2017-07-29,23.69604,2.93009,16.29179,2.60182,7.16109
2017-07-30,24.63221,3.35562,17.39817,2.89361,7.59878
2017-07-31,21.60486,3.16109,18.46808,3.4772,8.21884
2017-08-01,25.87234,4.02431,17.75075,3.39209,9.51975
2017-08-02,26.56534,3.80547,18.38297,3.17325,9.7386
2017-08-03,24.57142,3.74468,18.40729,3.57446,10.09118
2017-08-04,23.40425,4.65653,18.29787,2.91793,10.10334
2017-08-05,30.88145,3.89057,17.3617,2.56534,8.58358
2017-08-06,34.13981,3.67173,16.37689,3.18541,8.79027
2017-08-07,30.12765,4.48632,17.94528,2.9544,11.13677
2017-08-08,29.58054,4.03647,18.46808,3.67173,10.83282
2017-08-09,25.38601,3.58662,19.12462,3.50151,9.7386
2017-08-10,23.31914,3.23404,18.46808,3.69604,9.22796
2017-08-11,20.34042,3.02735,18.43161,3.51367,7.36778
2017-08-12,21.16717,2.43161,16.72948,2.74772,7.05167
2017-08-13,19.59878,2.27355,18.1155,2.83282,6.54103
2017-08-14,14.96656,2.16413,19.6231,3.86626,6.7234
2017-08-15,15.96352,1.99392,20.48632,4.6079,6.40729
2017-08-16,13.03343,2.28571,18.88145,4.0851,6.31003
2017-08-17,13.15501,2.23708,18.83282,3.67173,6.66261
2017-08-18,12.51063,2.2006,17.60486,3.36778,6.69908
2017-08-19,11.51367,2.32218,18.97872,3.00303,5.53191
2017-08-20,12.99696,2.27355,20.35258,4.13373,5.89665
2017-08-21,10.75987,2.39513,19.65957,3.91489,6.33434
2017-08-22,11.51367,2.90577,18.78419,4.75379,7.41641
2017-08-23,10.7234,2.69908,20.693,3.91489,6.99088
2017-08-24,10.32218,2.39513,18.84498,3.92705,7.35562
2017-08-25,9.38601,2.27355,19.39209,3.4772,6.94224
2017-08-26,10.01823,1.98176,17.77507,3.29483,4.96048
2017-08-27,10.48024,1.99392,18.15197,3.8541,5.89665
2017-08-28,8.66869,2.24924,19.40425,6.71124,6.35866
2017-08-29,8.52279,1.90881,19.98784,7.53799,5.99392
2017-08-30,7.37993,1.75075,20.93617,6.89361,6.33434
2017-08-31,7.40425,1.83586,18.09118,6.4924,5.30091
2017-09-01,6.7234,1.79939,19.11246,5.15501,5.19148
2017-09-02,7.40425,1.79939,20.34042,4.71732,4.94832
2017-09-03,8.49848,2.03039,21.09422,4.38905,5.87234
2017-09-04,7.22188,1.89665,18.32218,5.43465,6.21276
2017-09-05,7.06382,1.92097,21.17933,5.8237,5.92097
2017-09-06,5.95744,1.7386,21.95744,5.79939,5.5927
2017-09-07,6.18844,2.38297,21.00911,6.23708,5.71428
2017-09-08,6.27355,2.29787,19.02735,5.08206,5.62917
2017-09-09,6.84498,1.94528,19.89057,4.29179,4.87537
2017-09-10,7.91489,1.88449,21.41033,5.02127,5.47112
2017-09-11,5.7386,1.86018,21.3617,6.16413,6.29787
2017-09-12,6.63829,1.64133,20.94832,5.67781,6.39513
2017-09-13,5.88449,1.93313,21.32522,5.84802,6.12765
2017-09-14,6.27355,1.49544,20.82674,6.24924,6.10334
2017-09-15,6.26139,1.88449,20.91185,5.65349,5.49544
2017-09-16,6.48024,1.33738,21.81155,5.03343,4.91185
2017-09-17,6.52887,1.75075,23.16109,5.25227,5.25227
2017-09-18,7.03951,1.71428,21.09422,5.93313,6.29787
2017-09-19,6.04255,1.60486,21.68996,6.10334,6.24924
2017-09-20,6.93009,1.8237,21.39817,6.01823,6.04255
2017-09-21,6.00607,1.51975,21.04559,6.24924,5.30091
2017-09-22,5.2158,1.64133,20.27963,5.11854,4.68085
2017-09-23,5.41033,1.38601,21.55623,3.90273,4.41337
2017-09-24,5.94528,1.93313,22.5775,5.13069,4.82674
2017-09-25,5.11854,1.76291,20.57142,5.92097,6.69908
2017-09-26,5.4468,1.8237,20.75379,5.30091,5.83586
2017-09-27,5.26443,1.42249,22.12765,5.0699,5.09422
2017-09-28,4.54711,1.39817,20.6079,5.43465,4.9848
2017-09-29,4.13373,1.31306,19.18541,4.75379,3.61094
2017-09-30,4.80243,1.25227,17.54407,3.67173,3.27051
2017-10-01,4.06079,1.10638,20.44984,4.71732,3.3313
2017-10-02,5.0699,1.3617,19.00303,4.0851,2.74772
2017-10-03,3.14893,1.26443,17.88449,4.03647,2.50455
2017-10-04,3.58662,1.28875,19.00303,3.29483,2.05471
2017-10-05,4.68085,1.24012,22.32218,4.71732,2.62613
2017-10-06,4.93617,1.17933,25.16717,5.86018,3.14893
2017-10-07,5.31306,1.25227,23.61094,5.38601,4.24316
2017-10-08,5.92097,0.94832,22.88145,5.32522,4.231
2017-10-09,5.79939,1.65349,23.51367,5.88449,5.88449
2017-10-10,6.01823,1.16717,20.89969,7.12462,6.38297
2017-10-11,4.81458,1.16717,22.91793,8.29179,5.56838
2017-10-12,4.37689,1.19148,25.03343,11.69604,5.02127
2017-10-13,4.06079,1.02127,25.68996,9.88449,4.48632
2017-10-14,3.98784,0.97264,25.64133,8.01215,3.72036
2017-10-15,4.14589,1.10638,24.77811,10.22492,3.48936
2017-10-16,4.44984,1.42249,24.71732,11.87841,5.47112
2017-10-17,4.14589,1.28875,25.25227,10.68693,4.9848
2017-10-18,4.85106,1.3617,25.62917,11.67173,3.90273
2017-10-19,4.54711,1.20364,24.85106,10.15197,4.18237
2017-10-20,4.6079,1.37386,22.63829,8.07294,4.35258
2017-10-21,4.07294,0.99696,22.07902,7.02735,3.12462
2017-10-22,4.63221,1.08206,23.97568,8.64437,4.19452
2017-10-23,5.86018,1.16717,22.84498,10.66261,4.63221
2017-10-24,6.90577,1.0699,23.9392,10.69908,4.42553
2017-10-25,6.62613,1.20364,22.83282,10.93009,4.44984
2017-10-26,6.28571,1.02127,23.82978,11.05167,4.32826
2017-10-27,7.02735,0.94832,21.79939,8.71732,3.79331
2017-10-28,7.67173,0.91185,22.5775,6.62613,3.3313
2017-10-29,8.24316,1.15501,24.76595,9.55623,3.91489
2017-10-30,6.77203,1.0699,24.35258,14.21276,4.01215
2017-10-31,6.7234,1.00911,22.07902,13.28875,3.41641
2017-11-01,7.03951,1.10638,22.29787,12.74164,3.90273
2017-11-02,6.94224,1.00911,23.51367,13.39817,4.14589
2017-11-03,6.91793,1.0699,22.93009,11.81762,4.15805
2017-11-04,5.88449,0.88753,22.84498,11.19756,3.25835
2017-11-05,5.77507,1.08206,24.0,12.64437,4.07294
2017-11-06,5.37386,0.99696,24.17021,14.16413,4.55927
2017-11-07,5.48328,1.14285,23.4772,13.08206,4.57142
2017-11-08,4.693,1.14285,22.77203,13.03343,4.01215
2017-11-09,3.31914,1.02127,22.48024,13.00911,4.29179
2017-11-10,3.28267,0.96048,22.51671,12.0851,3.35562
2017-11-11,2.91793,0.62006,21.39817,10.4924,3.45288
2017-11-12,3.42857,0.88753,22.46808,10.85714,3.36778
2017-11-13,3.46504,0.9848,21.24012,14.71124,4.01215
2017-11-14,3.1003,0.77811,24.40121,14.24924,3.53799
2017-11-15,3.74468,0.76595,23.57446,15.55015,3.74468
2017-11-16,3.31914,0.99696,25.2158,16.17021,3.58662
2017-11-17,3.4772,0.99696,22.91793,16.51063,3.3313
2017-11-18,2.79635,0.71732,26.62613,14.06686,2.46808
2017-11-19,3.00303,0.76595,26.1155,16.13373,3.02735
2017-11-20,3.06382,0.91185,26.43161,20.18237,3.1003
2017-11-21,3.22188,1.15501,24.9848,20.29179,3.34346
2017-11-22,3.51367,0.6079,27.35562,17.55623,5.38601
2017-11-23,2.96656,0.91185,25.7386,16.71732,4.01215
2017-11-24,2.75987,0.81458,23.95136,16.85106,3.08814
2017-11-25,2.88145,0.55927,21.62917,12.87537,2.22492
2017-11-26,3.36778,0.65653,24.77811,14.83282,2.80851
2017-11-27,3.13677,0.94832,23.00303,16.62006,3.27051
2017-11-28,3.01519,1.16717,23.13677,16.21884,3.67173
2017-11-29,3.02735,1.03343,24.20668,16.21884,3.56231
2017-11-30,2.45592,0.68085,26.1155,16.9848,3.17325
2017-12-01,2.65045,0.59574,24.26747,15.1003,3.00303
2017-12-02,2.88145,0.65653,25.28875,13.2158,2.60182
2017-12-03,2.96656,0.80243,27.76899,14.94224,3.58662
2017-12-04,3.14893,0.91185,25.92097,17.51975,3.86626
2017-12-05,3.05167,0.93617,27.31914,19.58662,3.34346
2017-12-06,2.62613,0.74164,26.44376,18.41945,3.22188
2017-12-07,2.8693,0.82674,26.00607,16.462,2.88145
2017-12-08,2.45592,0.80243,25.02127,15.20972,3.22188
2017-12-09,2.96656,0.87537,26.22492,13.99392,2.96656
2017-12-10,3.02735,0.87537,29.28875,15.91489,3.11246
2017-12-11,2.74772,0.65653,27.9392,21.14285,3.55015
2017-12-12,3.07598,0.66869,26.39513,20.15805,3.58662
2017-12-13,2.56534,0.64437,26.4924,20.462,3.81762
2017-12-14,2.75987,0.76595,23.18541,18.35866,3.03951
2017-12-15,3.1003,0.8389,21.92097,15.9392,3.18541
2017-12-16,2.24924,0.79027,25.04559,14.71124,2.38297
2017-12-17,2.75987,0.59574,51.67173,17.33738,3.40425
2017-12-18,2.50455,0.68085,28.26747,17.95744,3.44072
2017-12-19,2.82066,0.93617,26.13981,17.54407,3.19756
2017-12-20,2.73556,0.71732,24.80243,17.48328,3.4772
2017-12-21,2.74772,0.72948,24.03647,16.81458,2.68693
2017-12-22,3.02735,0.70516,23.6231,12.94832,3.01519
2017-12-23,3.22188,0.65653,24.79027,10.7234,2.39513
2017-12-24,2.46808,0.76595,26.39513,10.69908,2.22492
2017-12-25,2.60182,0.85106,24.19452,11.7082,2.54103
2017-12-26,2.99088,0.64437,22.52887,15.00303,3.45288
2017-12-27,3.29483,1.11854,25.67781,15.02735,3.2462
2017-12-28,2.90577,0.68085,25.62917,13.00911,3.22188
2017-12-29,2.94224,0.99696,21.56838,10.55319,2.66261
2017-12-30,3.06382,0.97264,20.96048,10.78419,2.5775
2017-12-31,2.4924,1.19148,23.12462,9.89665,2.29787
2018-01-01,3.68389,0.81458,22.4924,9.86018,2.61398
2018-01-02,3.74468,1.11854,22.05471,12.65653,3.18541
2018-01-03,4.26747,1.32522,24.93617,12.99696,4.18237
2018-01-04,3.79331,1.0699,25.64133,13.20364,3.44072
2018-01-05,3.92705,1.09422,23.08814,11.63525,3.3313
2018-01-06,3.72036,0.88753,26.05471,9.4468,3.31914
2018-01-07,3.35562,0.96048,24.52279,10.55319,3.53799
2018-01-08,3.76899,0.93617,23.29483,12.15805,3.6231
2018-01-09,3.73252,1.13069,29.99392,13.15501,3.82978
2018-01-10,4.25531,0.99696,27.82978,14.06686,3.13677
2018-01-11,3.45288,1.11854,28.41337,16.38905,3.50151
2018-01-12,3.84194,0.71732,28.27963,13.56838,2.97872
2018-01-13,3.55015,0.79027,29.08206,11.97568,3.18541
2018-01-14,3.95136,1.10638,28.97264,11.3313,3.41641
2018-01-15,3.63525,0.94832,24.63221,12.41337,3.61094
2018-01-16,3.9392,0.9848,27.31914,12.74164,4.12158
2018-01-17,4.0851,1.27659,26.00607,11.68389,3.61094
2018-01-18,4.30395,1.2158,25.87234,11.53799,3.37993
2018-01-19,4.10942,1.20364,25.98176,9.95744,4.89969
2018-01-20,3.59878,0.93617,25.76291,8.29179,3.58662
2018-01-21,3.59878,1.08206,26.32218,10.04255,3.84194
2018-01-22,3.92705,1.83586,26.23708,10.8693,4.44984
2018-01-23,3.81762,1.62917,26.83282,13.70212,4.02431
2018-01-24,4.07294,1.42249,27.3313,14.88145,3.67173
2018-01-25,3.41641,1.19148,28.66869,13.94528,4.14589
2018-01-26,3.12462,1.08206,25.43465,12.0,3.89057
2018-01-27,3.42857,0.87537,26.61398,10.26139,3.03951
2018-01-28,4.03647,1.13069,28.6079,11.16109,3.76899
2018-01-29,4.17021,1.02127,27.13677,11.82978,3.57446
2018-01-30,3.92705,1.04559,27.6231,12.0851,3.86626
2018-01-31,4.07294,0.88753,26.07902,11.74468,3.37993
2018-02-01,3.51367,1.41033,25.64133,10.3465,3.55015
2018-02-02,3.67173,1.05775,24.35258,8.57142,3.35562
2018-02-03,3.41641,1.02127,24.91185,8.94832,3.08814
2018-02-04,4.07294,1.00911,26.74772,9.58054,4.26747
2018-02-05,3.63525,0.96048,25.67781,11.89057,3.81762
2018-02-06,3.96352,1.14285,24.59574,12.25531,3.79331
2018-02-07,3.74468,1.49544,22.71124,10.27355,3.14893
2018-02-08,3.59878,1.27659,22.56534,10.3465,3.30699
2018-02-09,3.44072,1.32522,22.55319,7.57446,2.96656
2018-02-10,3.67173,1.24012,25.34954,7.41641,3.52583
2018-02-11,3.76899,0.9848,25.3617,8.10942,3.87841
2018-02-12,3.50151,1.03343,24.89969,7.96352,3.55015
2018-02-13,3.52583,1.09422,22.91793,8.66869,3.46504
2018-02-14,3.00303,1.05775,20.9848,6.97872,3.31914
2018-02-15,2.93009,0.86322,20.55927,5.09422,2.60182
2018-02-16,2.3465,0.94832,19.37993,3.89057,2.12765
2018-02-17,2.60182,0.77811,24.17021,5.04559,2.71124
2018-02-18,4.0,0.94832,24.70516,6.66261,3.22188
2018-02-19,4.40121,1.16717,23.06382,6.38297,4.6079
2018-02-20,3.36778,1.15501,24.81458,6.54103,4.26747
2018-02-21,4.14589,1.4468,25.51975,7.45288,4.07294
2018-02-22,4.13373,1.32522,23.84194,7.9392,4.65653
2018-02-23,3.61094,0.85106,23.51367,7.64741,4.32826
2018-02-24,3.23404,1.24012,22.44376,6.27355,4.42553
2018-02-25,3.8541,1.47112,24.02431,7.48936,4.25531
2018-02-26,4.20668,1.43465,23.22188,7.37993,5.98176
2018-02-27,4.02431,1.72644,23.73252,7.63525,4.87537
2018-02-28,4.01215,1.30091,22.71124,7.53799,4.47416
2018-03-01,3.81762,1.11854,24.8389,6.15197,4.24316
2018-03-02,3.53799,1.34954,20.3161,6.29787,7.36778
2018-03-03,4.12158,1.58054,21.30091,5.32522,5.25227
2018-03-04,4.03647,1.89665,21.77507,7.22188,5.4468
2018-03-05,3.39209,1.25227,18.99088,6.06686,5.09422
2018-03-06,4.36474,2.1155,20.64437,6.35866,5.0699
2018-03-07,3.3313,1.42249,20.55927,6.63829,4.74164
2018-03-08,3.41641,1.49544,22.68693,6.97872,4.44984
2018-03-09,3.55015,1.38601,20.0851,5.05775,3.98784
2018-03-10,3.6231,1.77507,23.75683,4.91185,4.3161
2018-03-11,4.12158,2.04255,34.2006,5.87234,5.24012
2018-03-12,4.07294,2.18844,23.44072,5.93313,5.64133
2018-03-13,4.43768,2.18844,22.67477,6.13981,6.24924
2018-03-14,4.42553,2.78419,20.63221,5.37386,6.39513
2018-03-15,3.68389,1.90881,22.43161,6.17629,5.53191
2018-03-16,4.02431,1.98176,24.29179,5.42249,4.74164
2018-03-17,4.29179,1.93313,24.64437,4.59574,4.71732
2018-03-18,4.10942,1.88449,23.02735,4.82674,5.11854
2018-03-19,4.09726,1.93313,24.63221,6.12765,6.15197
2018-03-20,4.49848,2.3465,25.14285,6.38297,6.3465
2018-03-21,3.50151,1.5927,26.1155,7.34346,5.31306
2018-03-22,4.51063,2.1155,23.2462,6.01823,5.42249
2018-03-23,3.79331,2.31003,21.67781,5.99392,4.80243
2018-03-24,4.15805,2.01823,22.65045,5.90881,5.08206
2018-03-25,5.20364,2.38297,22.8693,5.41033,5.89665
2018-03-26,5.15501,2.46808,22.58966,5.67781,7.07598
2018-03-27,5.56838,2.84498,22.2006,5.25227,7.53799
2018-03-28,5.61702,2.56534,20.54711,4.693,7.89057
2018-03-29,5.09422,2.82066,20.12158,4.53495,8.10942
2018-03-30,5.03343,2.54103,20.41337,4.47416,7.07598
2018-03-31,4.80243,2.3465,19.27051,3.76899,6.00607
2018-04-01,5.3617,2.38297,20.231,3.81762,6.39513
2018-04-02,5.33738,2.85714,19.02735,3.80547,9.55623
2018-04-03,6.50455,3.6231,20.18237,3.80547,8.70516
2018-04-04,6.39513,2.3465,21.27659,4.74164,7.63525
2018-04-05,6.01823,2.00607,22.90577,5.00911,6.5775
2018-04-06,5.27659,2.97872,23.3313,5.04559,6.1155
2018-04-07,5.10638,1.76291,23.84194,5.00911,4.51063
2018-04-08,4.47416,1.88449,24.0851,4.89969,5.65349
2018-04-09,4.99696,2.18844,23.23404,5.04559,7.97568
2018-04-10,5.62917,2.58966,22.39513,5.34954,7.42857
2018-04-11,5.86018,2.74772,21.9696,4.80243,8.20668
2018-04-12,5.38601,2.65045,22.15197,4.10942,8.77811
2018-04-13,5.10638,2.52887,21.16717,4.21884,7.48936
2018-04-14,5.03343,1.60486,26.24924,4.25531,6.8693
2018-04-15,5.68996,2.06686,24.462,4.38905,8.91185
2018-04-16,6.5775,2.66261,22.78419,4.53495,9.86018
2018-04-17,5.92097,2.79635,24.0851,4.72948,10.97872
2018-04-18,40.29179,2.93009,22.65045,4.30395,9.83586
2018-04-19,6.38297,3.01519,23.01519,4.48632,10.26139
2018-04-20,6.79635,3.4772,21.37386,3.67173,10.16413
2018-04-21,6.12765,3.27051,21.43465,3.39209,10.38297
2018-04-22,6.23708,2.75987,25.0699,4.47416,10.82066
2018-04-23,6.09118,2.46808,25.84802,5.78723,9.8237
2018-04-24,7.20972,2.00607,24.40121,5.04559,9.92097
2018-04-25,7.79331,2.90577,21.31306,4.18237,10.55319
2018-04-26,6.5775,2.83282,20.15805,4.43768,10.93009
2018-04-27,6.04255,2.37082,18.46808,4.34042,9.4468
2018-04-28,7.63525,2.21276,18.5775,3.81762,9.58054
2018-04-29,6.96656,3.00303,20.97264,3.7082,10.91793
2018-04-30,6.43161,3.27051,18.85714,3.72036,12.80243
2018-05-01,7.14893,3.1003,19.16109,3.61094,11.58662
2018-05-02,6.31003,2.31003,21.0699,4.35258,11.35562
2018-05-03,6.16413,2.77203,20.47416,4.62006,10.01823
2018-05-04,6.03039,2.18844,18.51671,4.12158,9.28875
2018-05-05,6.2006,2.15197,17.26443,3.1003,7.30699
2018-05-06,5.45896,2.38297,20.15805,3.76899,8.10942
2018-05-07,7.20972,2.84498,22.03039,3.7082,10.35866
2018-05-08,6.88145,2.99088,20.54711,4.02431,11.3313
2018-05-09,7.63525,3.34346,20.42553,3.91489,12.38905
2018-05-10,7.52583,2.90577,19.72036,3.84194,11.61094
2018-05-11,7.27051,3.08814,18.85714,3.45288,10.21276
2018-05-12,7.76899,2.16413,22.13981,4.26747,8.01215
2018-05-13,8.54711,2.78419,20.17021,4.03647,9.10638
2018-05-14,8.14589,3.44072,19.80547,3.76899,13.42249
2018-05-15,9.39817,4.77811,18.68693,3.59878,15.7082
2018-05-16,7.44072,3.92705,20.70516,6.06686,13.78723
2018-05-17,8.15805,3.25835,17.26443,4.41337,12.42553
2018-05-18,7.56231,2.69908,20.06079,3.68389,9.70212
2018-05-19,8.693,2.28571,17.95744,2.91793,8.462
2018-05-20,9.25227,2.73556,19.13677,3.57446,9.27659
2018-05-21,9.51975,3.34346,19.79331,4.01215,10.01823
2018-05-22,10.4924,2.74772,20.35258,4.03647,10.32218
2018-05-23,11.78115,3.07598,18.24924,3.72036,11.57446
2018-05-24,12.231,4.38905,18.89361,3.7082,12.693
2018-05-25,11.78115,3.89057,16.9848,3.03951,11.55015
2018-05-26,13.7386,3.74468,17.39817,2.9544,10.26139
2018-05-27,14.90577,2.80851,19.51367,3.2462,11.51367
2018-05-28,14.18844,4.17021,18.1155,3.59878,15.78115
2018-05-29,16.06079,4.10942,20.27963,3.56231,16.17021
2018-05-30,13.75075,4.07294,19.16109,4.92401,14.26139
2018-05-31,15.27051,3.69604,17.79939,3.69604,13.83586
2018-06-01,14.79635,4.18237,17.19148,2.96656,14.29787
2018-06-02,18.06686,4.10942,18.60182,2.55319,12.88753
2018-06-03,22.50455,4.42553,18.33434,3.07598,13.88449
2018-06-04,19.86626,4.76595,18.05471,3.55015,16.97264
2018-06-05,17.47112,4.82674,18.35866,3.20972,14.04255
2018-06-06,21.13069,5.02127,19.4772,3.35562,14.29787
2018-06-07,17.98176,4.693,18.33434,3.58662,15.80547
2018-06-08,14.65045,4.01215,17.13069,2.93009,14.1155
2018-06-09,17.15501,3.58662,17.7386,2.74772,10.91793
2018-06-10,20.62006,3.6231,18.89361,2.90577,11.51367
2018-06-11,16.93617,3.74468,18.80851,3.46504,13.86018
2018-06-12,16.15805,3.79331,19.41641,3.42857,12.30395
2018-06-13,21.05775,3.79331,20.03647,3.14893,11.87841
2018-06-14,16.15805,3.69604,19.80547,2.83282,13.15501
2018-06-15,16.40121,3.3313,18.68693,3.00303,12.12158
2018-06-16,17.67781,3.45288,19.29483,2.91793,10.62613
2018-06-17,20.76595,3.92705,19.44072,3.45288,10.94224
2018-06-18,17.31306,4.37689,17.41033,2.80851,13.7386
2018-06-19,19.90273,3.74468,18.38297,3.42857,12.76595
2018-06-20,21.66565,4.25531,19.17325,3.17325,14.61398
2018-06-21,19.39209,4.71732,17.72644,3.42857,14.43161
2018-06-22,19.65957,4.32826,17.26443,2.75987,14.46808
2018-06-23,20.91185,3.37993,18.43161,2.56534,10.99088
2018-06-24,26.69908,4.21884,19.02735,2.40729,13.5927
2018-06-25,23.00303,5.17933,17.78723,2.88145,16.75379
2018-06-26,19.06382,3.56231,18.75987,3.48936,13.81155
2018-06-27,18.2006,3.59878,18.50455,2.51671,13.09422
2018-06-28,14.40729,3.00303,17.90881,3.12462,10.65045
2018-06-29,15.59878,3.57446,18.18844,2.5775,11.4772
2018-06-30,16.77811,3.3313,20.03647,2.43161,10.90577
2018-07-01,21.94528,3.00303,20.57142,3.42857,10.71124
2018-07-02,16.34042,3.14893,19.36778,3.37993,11.23404
2018-07-03,18.97872,4.18237,19.22188,3.02735,13.14285
2018-07-04,20.30395,5.15501,18.2006,2.7234,15.22188
2018-07-05,17.89665,4.01215,19.63525,3.14893,13.15501
2018-07-06,14.93009,3.06382,17.27659,2.93009,11.16109
2018-07-07,19.64741,2.99088,18.2006,2.29787,10.52887
2018-07-08,21.90881,2.8693,16.94832,2.52887,11.48936
2018-07-09,15.11246,3.27051,18.77203,3.90273,12.27963
2018-07-10,16.32826,3.84194,18.75987,17.0699,12.07294
2018-07-11,18.78419,4.30395,18.22492,7.00303,13.03343
2018-07-12,19.42857,5.5927,18.58966,4.52279,14.67477
2018-07-13,18.99088,5.39817,18.24924,2.89361,13.30091
2018-07-14,20.62006,4.693,17.30091,3.30699,13.38601
2018-07-15,24.76595,5.31306,17.25227,57.79939,15.52583
2018-07-16,22.96656,6.67477,16.36474,4.02431,19.79331
2018-07-17,25.5927,6.10334,17.61702,7.30699,19.55015
2018-07-18,22.85714,6.69908,17.90881,6.00607,17.42249
2018-07-19,21.51975,6.82066,16.76595,4.37689,18.3465
2018-07-20,20.13373,5.88449,16.14589,2.94224,16.76595
2018-07-21,28.74164,4.62006,18.32218,3.44072,14.75987
2018-07-22,34.10334,5.87234,22.37082,7.31914,15.30699
2018-07-23,29.49544,7.07598,18.9544,3.48936,20.94832
2018-07-24,30.37082,7.1003,18.66261,3.75683,19.18541
2018-07-25,27.2462,6.26139,17.77507,5.17933,17.89665
2018-07-26,30.66261,6.24924,19.51367,3.19756,18.1155
2018-07-27,25.79939,5.04559,17.76291,3.13677,15.28267
2018-07-28,23.41641,3.97568,16.07294,2.45592,12.462
2018-07-29,26.97872,3.97568,17.26443,2.63829,13.37386
2018-07-30,23.06382,4.48632,18.45592,2.60182,14.96656
2018-07-31,21.0699,4.63221,18.29787,2.50455,13.90881
2018-08-01,21.64133,5.10638,18.07902,2.91793,15.96352
2018-08-02,20.63221,6.01823,17.87234,3.14893,16.01215
2018-08-03,18.24924,4.49848,18.69908,3.01519,14.41945
2018-08-04,17.99392,3.84194,17.03343,2.88145,11.98784
2018-08-05,18.97872,4.231,17.08206,2.83282,12.74164
2018-08-06,17.10638,4.462,17.54407,3.05167,14.09118
2018-08-07,15.98784,4.06079,18.54103,3.58662,14.58966
2018-08-08,14.93009,4.59574,19.42857,3.44072,14.74772
2018-08-09,16.65653,4.06079,19.34346,3.35562,12.96048
2018-08-10,21.71428,3.95136,18.88145,4.17021,11.05167
2018-08-11,20.66869,3.19756,17.79939,3.08814,9.08206
2018-08-12,21.65349,3.51367,18.90577,3.45288,11.14893
2018-08-13,18.45592,3.50151,18.65045,3.14893,13.9696
2018-08-14,17.75075,3.78115,17.88449,3.03951,13.13069
2018-08-15,19.72036,3.40425,18.79635,3.31914,11.6231
2018-08-16,17.03343,3.12462,18.2006,3.39209,11.6231
2018-08-17,13.50759,2.82066,19.75683,3.84194,9.37386
2018-08-18,13.45896,2.27355,17.26443,3.28267,7.80547
2018-08-19,13.92097,3.06382,18.75987,3.44072,9.19148
2018-08-20,12.68085,3.12462,16.99696,3.28267,10.40729
2018-08-21,10.52887,3.06382,19.86626,3.74468,10.67477
2018-08-22,10.97872,3.22188,19.34346,3.59878,10.50455
2018-08-23,11.48936,3.13677,17.71428,4.03647,10.13981
2018-08-24,14.1155,2.50455,18.83282,4.40121,7.86626
2018-08-25,11.05167,2.18844,17.81155,3.03951,7.96352
2018-08-26,9.86018,2.52887,19.06382,4.41337,6.88145
2018-08-27,8.34042,2.04255,18.82066,5.11854,7.39209
2018-08-28,7.48936,2.31003,20.35258,5.50759,8.04863
2018-08-29,7.12462,2.21276,20.79027,4.34042,7.97568
2018-08-30,7.22188,2.65045,20.24316,4.54711,8.06079
2018-08-31,7.40425,2.23708,19.67173,4.21884,6.83282
2018-09-01,6.82066,1.89665,18.2006,3.05167,6.28571
2018-09-02,6.96656,1.8237,19.03951,3.76899,6.65045
2018-09-03,5.83586,1.88449,18.50455,4.93617,7.80547
2018-09-04,6.32218,2.16413,19.52583,4.55927,7.14893
2018-09-05,5.81155,2.12765,19.06382,4.55927,8.02431
2018-09-06,6.29787,2.3465,20.34042,4.41337,8.10942
2018-09-07,7.11246,1.93313,18.73556,4.09726,6.03039
2018-09-08,6.18844,1.41033,20.04863,4.32826,5.65349
2018-09-09,7.34346,1.45896,21.89665,4.57142,6.48024
2018-09-10,6.10334,2.00607,19.39209,6.35866,7.20972
2018-09-11,5.68996,1.88449,21.00911,6.04255,6.33434
2018-09-12,5.17933,1.99392,22.69908,6.07902,7.25835
2018-09-13,5.32522,2.18844,23.44072,5.43465,6.21276
2018-09-14,5.14285,1.83586,21.71428,5.92097,5.2158
2018-09-15,4.53495,1.77507,22.28571,5.0699,4.30395
2018-09-16,5.22796,1.83586,21.60486,4.63221,5.38601
2018-09-17,4.58358,2.01823,21.19148,6.09118,6.38297
2018-09-18,4.88753,2.16413,20.0,5.53191,6.61398
2018-09-19,3.89057,1.62917,19.40425,5.49544,5.54407
2018-09-20,3.22188,1.50759,19.22188,5.67781,4.21884
2018-09-21,3.28267,1.4468,19.53799,4.40121,3.95136
2018-09-22,3.34346,1.37386,18.40729,3.29483,2.89361
2018-09-23,2.48024,1.49544,18.17629,3.29483,2.68693
2018-09-24,2.85714,1.27659,18.04255,3.16109,2.32218
2018-09-25,3.23404,1.49544,22.17629,4.85106,2.82066
2018-09-26,5.11854,1.55623,22.69908,5.68996,4.18237
2018-09-27,4.38905,1.72644,22.45592,6.29787,5.43465
2018-09-28,3.8541,1.43465,21.78723,6.75987,4.44984
2018-09-29,3.92705,1.45896,21.77507,5.43465,4.53495
2018-09-30,4.09726,1.32522,23.41641,7.07598,4.65653
2018-10-01,3.12462,1.16717,22.17629,9.08206,5.05775
2018-10-02,4.24316,1.32522,23.58662,8.01215,5.19148
2018-10-03,4.04863,1.7386,23.91489,6.58966,4.47416
2018-10-04,4.07294,1.4468,22.03039,7.46504,5.2158
2018-10-05,3.31914,1.48328,23.11246,8.09726,3.84194
2018-10-06,3.25835,1.31306,21.77507,7.51367,3.40425
2018-10-07,3.68389,1.14285,23.89057,6.90577,4.51063
2018-10-08,3.59878,1.61702,24.24316,8.9848,5.24012
2018-10-09,3.74468,1.33738,26.33434,8.26747,4.21884
2018-10-10,3.37993,1.32522,25.30091,11.46504,5.05775
2018-10-11,3.36778,1.4468,26.97872,13.79939,4.77811
2018-10-12,2.74772,1.20364,23.74468,10.8693,4.15805
2018-10-13,3.17325,1.08206,25.15501,7.23404,3.27051
2018-10-14,3.98784,1.32522,26.35866,9.05775,3.81762
2018-10-15,3.40425,1.25227,25.53191,10.13981,5.45896
2018-10-16,3.23404,1.45896,26.17629,12.15805,4.87537
2018-10-17,2.94224,1.37386,25.03343,11.06382,5.28875
2018-10-18,3.13677,1.41033,25.81155,10.07902,4.59574
2018-10-19,2.91793,1.20364,24.87537,9.53191,4.30395
2018-10-20,3.12462,1.24012,24.63221,8.72948,3.69604
2018-10-21,3.36778,1.50759,25.22796,9.72644,3.98784
2018-10-22,3.69604,1.34954,25.66565,10.46808,5.05775
2018-10-23,3.17325,1.41033,27.8541,11.28267,3.75683
2018-10-24,2.67477,1.37386,25.54407,11.90273,4.9848
2018-10-25,2.96656,1.54407,23.87841,9.28875,4.27963
2018-10-26,2.93009,1.26443,24.89969,10.99088,3.41641
2018-10-27,2.83282,1.10638,25.5927,9.61702,3.13677
2018-10-28,3.02735,1.05775,26.09118,11.31914,3.45288
2018-10-29,2.83282,1.42249,24.86322,14.48024,3.41641
2018-10-30,2.40729,1.20364,28.53495,15.81762,3.41641
2018-10-31,2.75987,1.04559,25.58054,14.41945,3.59878
2018-11-01,2.7234,1.3617,23.42857,13.79939,3.59878
2018-11-02,2.83282,1.19148,21.47112,11.65957,3.20972
2018-11-03,2.56534,1.65349,23.39209,9.64133,3.29483
2018-11-04,3.16109,1.4468,23.97568,10.7234,4.17021
2018-11-05,2.8693,1.49544,24.01215,12.82674,3.96352
2018-11-06,3.07598,1.31306,23.91489,13.16717,3.95136
2018-11-07,2.85714,1.39817,26.7234,13.92097,4.0851
2018-11-08,2.33434,0.92401,25.22796,12.64437,3.8541
2018-11-09,2.66261,1.25227,23.56231,10.18844,3.8541
2018-11-10,2.43161,1.00911,24.09726,7.89057,3.08814
2018-11-11,2.66261,0.77811,24.19452,10.1155,3.48936
2018-11-12,2.39513,1.19148,22.1155,11.82978,4.75379
2018-11-13,2.17629,1.17933,23.73252,11.45288,4.06079
2018-11-14,2.88145,1.3617,23.81762,10.12765,3.31914
2018-11-15,2.55319,1.38601,23.82978,10.06686,4.0
2018-11-16,2.75987,1.25227,23.12462,10.63829,3.39209
2018-11-17,2.32218,1.39817,25.05775,8.40121,2.90577
2018-11-18,2.54103,1.41033,23.40425,10.50455,3.79331
2018-11-19,2.78419,1.54407,22.99088,12.65653,4.43768
2018-11-20,2.46808,1.27659,23.78115,12.63221,4.03647
2018-11-21,2.52887,1.32522,24.3161,15.40425,3.95136
2018-11-22,2.46808,1.02127,25.26443,15.75683,3.76899
2018-11-23,2.4924,1.20364,22.88145,13.08206,3.16109
2018-11-24,1.48328,0.94832,25.86018,12.9848,2.62613
2018-11-25,2.39513,1.03343,24.96048,13.56838,3.51367
2018-11-26,2.16413,1.0699,24.693,15.16109,4.30395
2018-11-27,2.91793,1.14285,24.41337,18.07902,4.04863
2018-11-28,2.77203,1.17933,25.99392,15.08814,4.21884
2018-11-29,3.40425,0.9848,25.28875,15.56231,3.87841
2018-11-30,2.13981,1.17933,23.76899,12.63221,3.35562
2018-12-01,2.35866,1.25227,25.54407,11.07598,3.35562
2018-12-02,2.75987,1.00911,26.82066,12.53495,3.76899
2018-12-03,2.01823,1.27659,24.40121,15.16109,4.462
2018-12-04,2.56534,1.22796,24.93617,14.74772,3.92705
2018-12-05,2.18844,1.24012,24.693,16.82674,3.81762
2018-12-06,2.52887,1.16717,26.03039,15.82978,3.37993
2018-12-07,1.76291,0.89969,25.0699,16.9848,3.46504
2018-12-08,2.17629,1.04559,26.31003,14.66261,2.8693
2018-12-09,2.63829,0.8389,29.05775,17.86018,2.93009
2018-12-10,2.23708,1.17933,26.54103,18.5775,3.12462
2018-12-11,2.41945,1.22796,27.02735,20.86322,3.73252
2018-12-12,2.50455,1.32522,24.99696,18.56534,4.06079
2018-12-13,2.66261,1.04559,25.5927,18.39513,3.31914
2018-12-14,2.52887,0.94832,24.71732,16.35258,3.4772
2018-12-15,2.37082,1.39817,23.84194,11.76899,3.01519
2018-12-16,2.33434,1.24012,26.74772,15.55015,3.19756
2018-12-17,2.66261,1.38601,23.18541,16.81458,3.76899
2018-12-18,2.39513,1.37386,24.93617,16.09726,4.04863
2018-12-19,2.66261,1.5927,21.75075,13.87234,4.17021
2018-12-20,2.23708,1.32522,22.48024,13.58054,3.67173
2018-12-21,2.43161,1.26443,20.74164,11.39209,3.64741
2018-12-22,2.40729,1.42249,21.04559,9.87234,3.13677
2018-12-23,2.56534,1.04559,23.18541,11.18541,3.16109
2018-12-24,2.35866,1.13069,20.27963,11.18541,3.30699
2018-12-25,3.28267,1.15501,22.63829,12.462,3.46504
2018-12-26,2.35866,1.15501,26.97872,14.16413,3.96352
2018-12-27,2.55319,1.20364,23.3313,14.69908,3.28267
2018-12-28,2.46808,1.19148,22.50455,14.15197,2.96656
2018-12-29,2.33434,1.32522,23.05167,11.8541,2.97872
2018-12-30,2.39513,1.16717,24.26747,12.54711,3.03951
2018-12-31,1.86018,0.89969,22.78419,11.12462,2.82066
